topic,sentiment_mean,sentiment_std,subjectivity_mean,subjectivity_std,counting
Adaptation,-0.21937704225786964,1.1926772351254915,-0.17099647706093624,0.7122136920451965,5.0
Causes,0.3142536630314072,1.2686022945198618,0.3178951792801415,0.8116156924891003,6.0
Hazard,-0.013034921906156566,0.951655180451813,-0.011319970756389,0.9481557207003491,178.0
Impacts,-0.15316416504409625,0.8690088281614263,-0.0724445603679692,0.8481470966783023,47.0
Mitigation,0.25805052497203085,1.0428821117412193,0.13139487204266664,1.2363571645848601,36.0
