topic,sentiment_mean,sentiment_std,subjectivity_mean,subjectivity_std,counting
Adaptation,-0.27579176065018063,1.2817715907691811,-0.1421660062724352,0.6949623202524441,5.0
Causes,0.28407469527717255,1.2597049758883234,0.27672295894864213,0.7884964091673482,6.0
Hazard,-0.007714756323544464,0.9627959001179556,-0.0028214070794151088,0.9754211963149366,261.0
Impacts,-0.20218010844686293,0.8831686633879685,-0.07161882740929885,0.8394429383366235,50.0
Mitigation,0.23204983199807533,1.0080440401365895,0.0697106187675647,1.1246834208835201,52.0
