week,sentiment_mean,sentiment_std,subjectivity_mean,subjectivity_std,counting
2025-38,-0.4021501671429353,0.4250457795904248,-0.6079864630950139,0.0,3.0
2025-39,0.3584271021474054,1.3268769979530572,-0.6410265691255251,0.05722714233230821,5.0
2025-40,0.39401616455822724,1.0866941839186663,-0.10318350206228787,1.0246370058115228,15.0
2025-41,-0.3364738335594766,0.5561639685607639,0.36275369511411704,1.0940215036126073,24.0
2025-42,-1.1007077407453068,0.7879426231780763,-0.5781775930132914,0.05163047749776321,4.0
2025-43,0.23591397970751324,0.5039496220440344,-0.024766416864616864,0.4915743022848457,9.0
2025-44,1.232470751673187,1.0006365842817497,-0.43363319475996853,0.2921463156309845,4.0
