keyword,sentiment_mean,sentiment_std,subjectivity_mean,subjectivity_std,counting
'Nebel Schaden',-1.1583801934233207,0.9310901987370815,-0.3245254495496733,0.45894829208837357,2.0
'Nebel Sichtweite',-0.4173288488926066,1.3468785409257353,1.1181076466646223,1.089554681306875,3.0
'Nebel Verletzte',-0.6551999030266181,0.92659258892578,-0.3245254495496733,0.45894829208837357,2.0
'Nebel Vorhersage',0.3255612985298935,0.900799374597764,0.10442059626004509,1.1366771601470362,12.0
'Nebel Wetter',0.02700160776217105,0.7561976557015502,-0.3908804139964494,0.6073317854412473,9.0
'Nebel schlechte Sicht',0.22939668735943658,1.0,0.521917217832464,1.0,1.0
