topic,sentiment_mean,sentiment_std,subjectivity_mean,subjectivity_std,counting
Adaptation,-0.21068347629059464,1.194010179292634,-0.1638936195340599,0.7086175380269366,5.0
Causes,0.3216932720293542,1.2715117193598915,0.33238087980419334,0.8277333413829342,6.0
Hazard,-0.004152994262932005,0.9497549856101032,-0.012652437701929791,0.9489051155813036,185.0
Impacts,-0.15055314055452193,0.859750229785806,-0.06783908835267033,0.8373454524112135,48.0
Mitigation,0.1994114801068455,1.0688076237587183,0.12584562442451125,1.229587630337985,38.0
