topic,sentiment_mean,sentiment_std,subjectivity_mean,subjectivity_std,counting
Causes,0.09999999999999999,0.1414213562373095,0.0,0.0,2.0
Hazard,-0.03801764797497141,0.947100304298661,-0.041022343281538406,0.9171452322275132,101.0
Impacts,-0.2226065800808297,0.9780663714010048,-0.032519032902051576,0.9831850347383255,26.0
Mitigation,0.39034088659166183,0.9309290611049974,0.214594329833602,1.1674704541827376,26.0
