week,sentiment_mean,sentiment_std,subjectivity_mean,subjectivity_std,counting
2025-39,0.20230675573014678,1.0554597320789643,-0.433403279431783,0.37533825007140975,5.0
2025-40,-0.3251671878575503,0.9983257813150461,0.12677045923379648,1.1615066384973456,5.0
2025-41,-0.005139567872596817,0.5228673015522691,0.1586256002720326,0.8540112370065861,5.0
