topic,sentiment_mean,sentiment_std,subjectivity_mean,subjectivity_std,counting
Impact,-0.5435354520100958,0.42465049741090966,-0.3535533905932738,0.408248290463863,4.0
Mitigation,0.5580472693467944,0.8924803780202912,0.4714045207910316,1.0801234497346435,5.0
