week,sentiment_mean,sentiment_std,subjectivity_mean,subjectivity_std,counting
2025-38,-0.49835639285501904,0.4836335164535263,-0.5480404910698079,0.0,3.0
2025-39,0.41985938154139546,1.5690545679149366,-0.514431525879858,0.05821243529880715,5.0
2025-40,0.2570113812606168,0.8925786602813425,-0.06384971125634051,1.0722421938686133,18.0
2025-41,-0.2504804957321971,0.7345680556180874,0.6204051237816336,1.2849716871130041,35.0
2025-42,-0.666061308392316,0.8835544510758503,0.02423692666183408,0.8990705980507648,6.0
2025-43,0.16814510279328929,0.9116802430129645,-0.11324367900435568,0.8263858370994507,35.0
2025-44,0.16286895528437043,0.9296765941168456,-0.2372889574499155,0.6212089690327668,40.0
2025-45,-0.23786091726141553,1.2883141231476218,-0.2904638736381041,0.6381691127586324,16.0
