keyword,sentiment_mean,sentiment_std,subjectivity_mean,subjectivity_std,counting
'Nebel Schaden',-0.7629625988660941,0.3718852737133061,-0.3535533905932738,0.5,2.0
'Nebel Verletzte',-0.32410830515409744,0.4583583608266823,-0.3535533905932738,0.5,2.0
'Nebel Vorhersage',0.5580472693467944,0.8924803780202912,0.4714045207910316,1.0801234497346435,5.0
