topic,sentiment_mean,sentiment_std,subjectivity_mean,subjectivity_std,counting
Causes,0.09999999999999999,0.1414213562373095,0.0,0.0,2.0
Hazard,-0.02723351560785492,0.9543996190643805,-0.04024680971823125,0.9234512598672501,98.0
Impacts,-0.22415593549558213,0.980936262424988,-0.03301934234589842,0.9834432358334738,26.0
Mitigation,0.3599326298563246,0.9252614261821314,0.20776634957120182,1.160716462485588,26.0
