domain,sentiment_mean,sentiment_std,subjectivity_mean,subjectivity_std,counting
www.stern.de,-0.10783482142857141,0.26233611353259695,0.05765128968253968,0.09482331134324967,32.0
www.zeit.de,-0.026018518518518514,0.15155526924819138,0.06507936507936508,0.12550019968130735,18.0
www.faz.net,-0.2525,0.1835528988239267,0.0,0.0,4.0
www.tagesspiegel.de,0.32,0.2372059583287626,0.0,0.0,4.0
www.bild.de,-0.03958333333333332,0.055979286843934994,0.041666666666666664,0.05892556509887896,2.0
www.diepresse.com,0.0,1.0,0.0,1.0,1.0
www.gamestar.de,0.0,1.0,0.0,1.0,1.0
www.n-tv.de,0.0,1.0,0.0,1.0,1.0
www.sueddeutsche.de,0.0,1.0,0.0,1.0,1.0
