week,sentiment_mean,sentiment_std,subjectivity_mean,subjectivity_std,counting
2025-39,1.1472898100386633,1.0,-1.0910894511799618,1.0,3.0
2025-40,-0.46053182515636476,1.0,0.8728715609439696,1.0,1.0
2025-41,-0.6867579848822983,1.0,0.21821789023599253,1.0,1.0
