week,sentiment_mean,sentiment_std,subjectivity_mean,subjectivity_std,counting
2025-38,-0.2789200301032173,0.4720331701087349,-0.6322437395934153,0.0,3.0
2025-39,0.27451496841208706,1.4239624447557953,-0.4214958263956102,0.365026093247714,5.0
2025-40,0.5064070377413297,1.1361318872973907,-0.15134765162377858,0.978875622015973,15.0
2025-41,-0.21978573376948943,0.5835459295982333,0.2896348084996683,1.0442603186539787,24.0
2025-42,-1.0513619602461595,0.8795666758698891,-0.6074990783052799,0.04285901056713306,4.0
2025-43,0.4494617111938843,0.5365678158667291,,1.0,3.0
