keyword,sentiment_mean,sentiment_std,subjectivity_mean,subjectivity_std,counting
'Nebel Schaden',-0.8019205341050606,0.4269801140903053,-0.41666666666666663,0.5892556509887895,2.0
'Nebel Vorhersage',0.36794702273670704,0.8292707222343974,0.27777777777777773,1.018350154434631,5.0
