week,sentiment_mean,sentiment_std,subjectivity_mean,subjectivity_std,counting
2025-38,-0.4948740878218872,0.4865793074944612,-0.5428408222074586,0.0,3.0
2025-39,0.42176746429638284,1.5754548263001555,-0.510965079971625,0.05521040508143281,5.0
2025-40,0.2673651114991456,0.9007184432506297,-0.05447315261763266,1.077437883303302,18.0
2025-41,-0.24900471087759055,0.7394748905558713,0.6405535639908718,1.304703596772092,35.0
2025-42,-0.6671501613774633,0.8869896368114829,0.02835724480087558,0.896318403165151,6.0
2025-43,0.19852302825612736,0.9235843442932788,-0.11410455349441206,0.8395089598208316,35.0
2025-44,0.15245907823136176,0.9196957459140981,-0.2372022728595912,0.6077760647021859,42.0
2025-45,-0.27034121244641157,1.2309006990704554,-0.30172587874383666,0.6203887996374344,18.0
