topic,sentiment_mean,sentiment_std,subjectivity_mean,subjectivity_std,counting
Adaptation,-0.22211532015105906,1.178445232915342,-0.1721856297265772,0.7127671964865461,5.0
Causes,0.30992404735186824,1.2546866603781195,0.30956195360524813,0.7988694549115497,6.0
Hazard,-0.007813474830103828,0.9492986119540912,-0.01704968859377952,0.9431038195947674,173.0
Impacts,-0.1748004081230066,0.8869398132138474,-0.04675222087025125,0.8700540786352341,43.0
Mitigation,0.24107513391847593,1.0211659168028357,0.12016861726625981,1.2221228351950952,36.0
