topic,sentiment_mean,sentiment_std,subjectivity_mean,subjectivity_std,counting
Adaptation,0.001950476018141356,1.3411211405142227,-0.30515825751437525,0.30947205187460786,6.0
Causes,0.27317640447839003,1.250203937894588,0.30185255418492096,0.8335346669984312,6.0
Hazard,0.004880827500843003,0.9778361415337485,0.008376709422166837,0.9850165557544588,309.0
Impacts,-0.2547125373922131,0.8399869047937563,-0.10810578664598178,0.8194444147714526,57.0
Mitigation,0.19174037649368914,0.9775083402744694,0.05874957754147021,1.1000404059019748,57.0
