domain,sentiment_mean,sentiment_std,subjectivity_mean,subjectivity_std,counting
www.stern.de,-0.14744614512471652,0.2362225050106102,0.0629109977324263,0.09950434269682645,28.0
www.zeit.de,-0.0365625,0.1565584363152669,0.07321428571428572,0.13120610341056713,16.0
www.faz.net,-0.2525,0.1835528988239267,0.0,0.0,4.0
www.tagesspiegel.de,0.32,0.2372059583287626,0.0,0.0,4.0
www.bild.de,0.0,1.0,0.0,1.0,1.0
www.sueddeutsche.de,0.0,1.0,0.0,1.0,1.0
