week,sentiment_mean,sentiment_std,subjectivity_mean,subjectivity_std,counting
2025-39,0.10775990195475638,1.7134625241915695,-0.8333333333333333,0.0,4.0
2025-40,-0.2569792682613184,0.3436832147626772,0.5833333333333333,0.8249579113843053,2.0
2025-41,-0.2015612673868759,1.0,0.5,1.0,1.0
