topic,sentiment_mean,sentiment_std,subjectivity_mean,subjectivity_std,counting
Adaptation,-0.27199383381599607,1.288301055753471,-0.13992185983348965,0.6936779545615468,5.0
Causes,0.33504218545732595,1.3007846050401624,0.3566295707629174,0.8599237247012592,6.0
Hazard,-0.002813738236558187,0.9584031330754672,-0.022669722370207174,0.951797305534252,252.0
Impacts,-0.18383889314640217,0.8874439081704286,-0.05473518878758027,0.8332666410643754,50.0
Mitigation,0.20652709910418712,1.0257561139045779,0.15980002956839948,1.2290270477727183,46.0
