topic,sentiment_mean,sentiment_std,subjectivity_mean,subjectivity_std,counting
Hazard,-0.04693035453232377,0.8924603836746233,-0.012337506641374587,0.8998473942103943,43.0
Impacts,-0.38185019061034037,1.1773075727900901,-0.6410265691255251,0.057227142332308224,7.0
Mitigation,0.41155642232111694,0.8896805633555547,0.22193227148311892,1.183798125463215,14.0
