topic,sentiment_mean,sentiment_std,subjectivity_mean,subjectivity_std,counting
Adaptation,-0.31869615503753734,1.3164342707222005,-0.47029382410787607,0.07793163646748154,4.0
Causes,0.09999999999999999,0.1414213562373095,0.0,0.0,2.0
Hazard,0.005286268989496339,0.9438126237145443,-0.03840802064469999,0.8625428613292543,142.0
Impacts,-0.24789776197657243,0.9512600783297638,-0.05257206411360016,0.9002945971232158,34.0
Mitigation,0.2690521427860514,1.0157687277476528,0.28393720037443365,1.4389150559011707,35.0
