topic,sentiment_mean,sentiment_std,subjectivity_mean,subjectivity_std,counting
Hazard,-0.05996733765068029,0.8533155155645362,0.0275628024506374,0.9448622905050481,13.0
Impact,-0.9067900482249693,0.8121357006231876,-0.3245254495496733,0.3747297113127764,4.0
Mitigation,0.3255612985298935,0.900799374597764,0.10442059626004509,1.1366771601470362,12.0
