topic,sentiment_mean,sentiment_std,subjectivity_mean,subjectivity_std,counting
Adaptation,-0.2697026419938637,1.2760129711020338,-0.1352442543003245,0.6911555806113263,5.0
Causes,0.33009820755527186,1.2871939884277062,0.3820404676039859,0.8941320682400372,6.0
Hazard,-0.014598238985760462,0.9572757042422858,-0.030439856846843243,0.9388712298730335,235.0
Impacts,-0.17513104738716115,0.870079937372083,-0.06332493851315432,0.8341143984018504,48.0
Mitigation,0.26032555023633946,1.02248499136028,0.20161230591576623,1.259011155958483,44.0
