topic,sentiment_mean,sentiment_std,subjectivity_mean,subjectivity_std,counting
Adaptation,-0.3846706257856295,1.3152201106944745,-0.5043779745775682,0.10124745995853762,4.0
Causes,0.09999999999999999,0.1414213562373095,0.0,0.0,2.0
Hazard,-0.033190995480104624,0.9505928979483775,-0.04245880169469921,0.9240795601821927,107.0
Impacts,-0.2109490076480011,0.9463523169824289,0.027118529964247292,1.0148553560130205,31.0
Mitigation,0.549713860148564,0.7927104750084984,0.30387948176798374,1.1960309756913736,22.0
