week,sentiment_mean,sentiment_std,subjectivity_mean,subjectivity_std,counting
2025-38,-0.4182845282554006,0.4648152987070306,-0.6490508990993465,0.0,2.0
2025-39,0.203473882232814,1.2826495530964053,-0.43270059939956435,0.3747297113127764,5.0
2025-40,0.0397392584667578,1.1110755934163858,-0.12914110891795186,1.0362786588916497,8.0
2025-41,-0.0788543499714372,0.8246548819877335,0.31917248137864573,1.0003898393982826,13.0
2025-42,0.02639212724135331,1.0,-0.6490508990993465,1.0,1.0
