domain,sentiment_mean,sentiment_std,subjectivity_mean,subjectivity_std,counting
www.stern.de,-0.14165343915343914,0.32032427392190066,0.07936507936507936,0.12208041660280256,9.0
www.zeit.de,-0.14666666666666667,0.09672412085697937,0.15119047619047618,0.14694546784961401,4.0
www.tagesspiegel.de,0.4266666666666667,0.1270170592217177,0.0,0.0,3.0
www.bild.de,0.0,1.0,0.0,1.0,1.0
www.faz.net,0.0,1.0,0.0,1.0,1.0
