topic,sentiment_mean,sentiment_std,subjectivity_mean,subjectivity_std,counting
Adaptation,-0.09594689374022089,1.2564831219300017,-0.24748366600232555,0.5371397697985804,5.0
Causes,0.09999999999999999,0.1414213562373095,0.0,0.0,2.0
Hazard,-0.007539509792043463,0.9533338312254112,-0.013198404382786596,0.9346277599395313,168.0
Impacts,-0.18401538275826923,0.9219311024872616,-0.022753261269479304,0.9117366257213675,39.0
Mitigation,0.26521416716744906,1.0136592864382534,0.13715878593577235,1.226614084296192,35.0
