domain,sentiment_mean,sentiment_std,subjectivity_mean,subjectivity_std,counting
www.stern.de,-0.14682539682539683,0.25861488022467033,0.0692857142857143,0.10674927710886527,15.0
www.zeit.de,-0.11222222222222222,0.08786036902064799,0.0671957671957672,0.12019552392154,9.0
www.tagesspiegel.de,0.4266666666666667,0.1270170592217177,0.0,0.0,3.0
www.bild.de,0.0,1.0,0.0,1.0,1.0
www.faz.net,0.0,1.0,0.0,1.0,1.0
