topic,sentiment_mean,sentiment_std,subjectivity_mean,subjectivity_std,counting
Adaptation,-0.2634107054817634,1.2815332483370112,-0.14325836418202562,0.6955345929904648,5.0
Causes,0.3400961129962196,1.2910926313209299,0.35523936061769407,0.8614873831819989,6.0
Hazard,-0.005232935016182599,0.9608979369383238,-0.021153218610999204,0.9525375057903932,256.0
Impacts,-0.1805695274098309,0.8849671929568786,-0.056097027297186776,0.8339260459979335,50.0
Mitigation,0.21508931290412153,1.0193027411398574,0.15549112338371152,1.2291926827606254,46.0
