topic,sentiment_mean,sentiment_std,subjectivity_mean,subjectivity_std,counting
Adaptation,-0.2918924805428136,1.2640661249121983,-0.13926372877514864,0.6933320913349618,5.0
Causes,0.2793778659366036,1.2549491162302977,0.2918753258029176,0.8079003742188873,6.0
Hazard,-0.0038902256259730345,0.9699456261104923,0.002084698017914202,0.9819256026691418,291.0
Impacts,-0.21203511781073878,0.8815630457509697,-0.07306100616456995,0.8401441316327689,50.0
Mitigation,0.19450053621602348,0.9828619282911382,0.039854201769400854,1.0793638771690162,57.0
