keyword,sentiment_mean,sentiment_std,subjectivity_mean,subjectivity_std,counting
'Nebel Schaden',-0.9914568082796031,0.6950248835896088,-0.3250524595738372,0.4596935968120528,2.0
'Nebel Verletzte',-0.5370508490479451,0.7595045944075898,-0.3250524595738372,0.4596935968120528,2.0
'Nebel Vorhersage',0.219728664968645,0.7833125301993378,0.1625262297869186,0.9959495817165782,11.0
