topic,sentiment_mean,sentiment_std,subjectivity_mean,subjectivity_std,counting
Hazard,-0.02297485055985249,1.2234512403240738,0.34296277479208953,0.8912122141451291,3.0
Impact,-0.7642538286637741,0.6497157310496722,-0.3250524595738372,0.37533825007140975,4.0
Mitigation,0.23872180603042298,0.776218669858974,0.03391518923988507,1.0825984911807844,11.0
