week,sentiment_mean,sentiment_std,subjectivity_mean,subjectivity_std,counting
2025-38,-0.5005172480922534,0.47890360509076063,-0.5123655704797972,0.0,3.0
2025-39,0.418167871255642,1.5580460752730079,-0.49064824548651753,0.037615510292845954,5.0
2025-40,0.25243176997565037,0.886507381427937,-0.030876441504276507,1.1075266763716305,18.0
2025-41,-0.2522360253766206,0.7324760744539129,0.65637943302865,1.3004962254467012,35.0
2025-42,-0.6643307247577354,0.8771190857673248,0.03850689489783834,0.8878591097882921,6.0
2025-43,0.16643342583020077,0.9109289596336584,-0.10544562594075618,0.8248295309300508,35.0
2025-44,0.15335079786303402,0.9357042127001337,-0.2584534557517056,0.5769950168776592,39.0
2025-45,-0.24309683798148965,1.3374574734000946,-0.41613868503613555,0.14710062525208825,14.0
