week,sentiment_mean,sentiment_std,subjectivity_mean,subjectivity_std,counting
2025-39,0.18535190499224682,1.3137960521832222,-0.47140452079103173,0.408248290463863,5.0
2025-40,-0.33372831945577586,0.42289437625226073,0.23570226039551578,1.0801234497346432,3.0
2025-41,-0.054870756609412756,1.0,0.7071067811865476,1.0,1.0
