topic,sentiment_mean,sentiment_std,subjectivity_mean,subjectivity_std,counting
Adaptation,-0.35159471310111867,1.3385561810757052,-0.49856305143767765,0.0709011933223342,4.0
Causes,0.09999999999999999,0.1414213562373095,0.0,0.0,2.0
Hazard,0.006424434625151878,0.9415796880473877,-0.022304994880136163,0.9437937811792475,124.0
Impacts,-0.26699070773500017,0.943328384522023,-0.00706424945254917,0.9784801478435066,33.0
Mitigation,0.39538435923229237,0.9599323396901193,0.22339632683427743,1.18624145130211,25.0
