topic,sentiment_mean,sentiment_std,subjectivity_mean,subjectivity_std,counting
Adaptation,-0.3941966229629875,1.2999476647903572,-0.50952837225137,0.09754755933634195,4.0
Causes,0.09999999999999999,0.1414213562373095,0.0,0.0,2.0
Hazard,-0.03481766436379875,0.9457467475522328,-0.030917864792777795,0.9344100389551103,104.0
Impacts,-0.2235427852267869,0.9798557038780891,-0.03608652496105262,0.9850772944974776,26.0
Mitigation,0.5396020693360455,0.813841298981481,0.3351200672670838,1.2092425247826346,22.0
