topic,sentiment_mean,sentiment_std,subjectivity_mean,subjectivity_std,counting
Adaptation,-0.19535767996016146,1.206714033343917,-0.1546096770648587,0.7040326349110804,5.0
Causes,0.3385816231989273,1.2859153602310005,0.3585381654829916,0.860949439244339,6.0
Hazard,-0.007002477426740594,0.952622086932689,-0.014566436892151622,0.9504085561636554,219.0
Impacts,-0.15614245023435389,0.8634175207515994,-0.07254995849567518,0.828602404029784,48.0
Mitigation,0.22192638520621644,1.0820330984972801,0.15153707226756133,1.256469731090313,38.0
