week,sentiment_mean,sentiment_std,subjectivity_mean,subjectivity_std,counting
2025-38,-0.5183372433859418,0.47966982383768486,-0.5173686649182657,0.0,3.0
2025-39,0.36284921827670824,1.5355184073785326,-0.49398364177882986,0.040504048213676855,5.0
2025-40,0.23788855769229972,0.8853016932193802,-0.036315698434967396,1.1003835084723084,18.0
2025-41,-0.2639656918801855,0.7302238237674845,0.6501350671386459,1.2971233085864098,35.0
2025-42,-0.6873141942776814,0.8685010767920369,0.03650565712245095,0.8894140627897014,6.0
2025-43,0.16359584349909168,0.9106302407009264,-0.10660216688911185,0.8249803429041572,35.0
2025-44,0.19930769328780634,0.9268449147453118,-0.2549580143002516,0.5804467969673281,37.0
2025-45,-0.2474979745016963,1.3966009060274773,-0.4529015314718421,0.08268951587834185,13.0
