topic,sentiment_mean,sentiment_std,subjectivity_mean,subjectivity_std,counting
Adaptation,-0.29007281245815913,1.266835720922067,-0.13884552065163724,0.6931325928940217,5.0
Causes,0.28227313031963647,1.2579397500038971,0.29473493040603876,0.8122038718694037,6.0
Hazard,0.0025844647634418257,0.9715604897146319,0.004198951279822619,0.9846836481652456,291.0
Impacts,-0.2419149209794878,0.8651569522216023,-0.08466349697870776,0.8252271794849303,53.0
Mitigation,0.19992387115172042,0.9847329496682729,0.04185286743094613,1.0803910967769117,57.0
