topic,sentiment_mean,sentiment_std,subjectivity_mean,subjectivity_std,counting
Adaptation,-0.2918036017667134,1.2636447367387111,-0.3088819760193673,0.3112711080135063,5.0
Causes,0.2841055287835862,1.2573636824478078,0.3007611238292846,0.8131691256898459,6.0
Hazard,0.001367098333355795,0.9721345503815253,0.008503101376705896,0.9873420987548502,294.0
Impacts,-0.23236023759740584,0.8682466522994358,-0.0943855489378581,0.819750428745346,54.0
Mitigation,0.2012181502791081,0.9846893873855898,0.04444478117331385,1.0833429140411115,57.0
