topic,sentiment_mean,sentiment_std,subjectivity_mean,subjectivity_std,counting
Hazard,-0.12635668577721057,0.8475545623171898,-0.014132407516320201,0.9533597725500188,33.0
Impact,-0.48833417949091806,1.1050556106914022,-0.4214958263956102,0.36502609324771396,7.0
Mitigation,0.5420078490774553,0.935495245907896,0.15606586542809794,1.129180316780888,14.0
