topic,sentiment_mean,sentiment_std,subjectivity_mean,subjectivity_std,counting
Adaptation,-0.29483286283304144,1.2576154046873451,-0.30482728036593465,0.3092949955769667,5.0
Causes,0.285556423835045,1.256953588719147,0.3103738095944825,0.8245694724218907,6.0
Hazard,0.006636380521742326,0.9787722495520695,0.007277316764756258,0.9863825006537243,303.0
Impacts,-0.24189911330511765,0.8472844752019685,-0.10051601437690667,0.8164523828438496,56.0
Mitigation,0.19062941452065624,0.9752915172097266,0.057262720483781136,1.0953760714249363,57.0
