topic,sentiment_mean,sentiment_std,subjectivity_mean,subjectivity_std,counting
Adaptation,-0.29543826779635196,1.2575082158426318,-0.3062572515204369,0.310063985395878,5.0
Causes,0.27385734356324765,1.2488922465425136,0.30139464001572863,0.834022891929559,6.0
Hazard,0.008939631956435616,0.9789177326516276,0.009107683455756035,0.9856154338406852,307.0
Impacts,-0.25249859590741647,0.8469959745564248,-0.10856370081517415,0.8196327635488463,56.0
Mitigation,0.18945658679501176,0.974999183124031,0.055749035100807795,1.096562538248072,57.0
