topic,sentiment_mean,sentiment_std,subjectivity_mean,subjectivity_std,counting
Adaptation,-0.1950282779428408,1.2098394450277299,-0.15513294253895635,0.7043003011313349,5.0
Causes,0.3375372823624363,1.28790740280618,0.35832013820211767,0.8611929601466205,6.0
Hazard,-0.008129067959673943,0.9512217278782872,-0.016605992502925188,0.950003273263125,210.0
Impacts,-0.1501614406501064,0.8615336267120769,-0.06426839389755447,0.8357480883949654,48.0
Mitigation,0.21906039283684287,1.0815233892094547,0.14507400823364264,1.2464007510359676,38.0
