keyword,sentiment_mean,sentiment_std,subjectivity_mean,subjectivity_std,counting
'Nebel Schaden',-0.9914568082796031,0.6950248835896088,-0.3250524595738372,0.4596935968120528,2.0
'Nebel Sichtweite',-0.02297485055985249,1.2234512403240738,0.34296277479208953,0.8912122141451291,3.0
'Nebel Verletzte',-0.5370508490479451,0.7595045944075898,-0.3250524595738372,0.4596935968120528,2.0
'Nebel Vorhersage',0.23872180603042298,0.776218669858974,0.03391518923988507,1.0825984911807844,11.0
