keyword,sentiment_mean,sentiment_std,subjectivity_mean,subjectivity_std,counting
'Nebel Schaden',-0.3972699565783324,1.2406115798261559,-0.6322437395934153,1.0,5.0
'Nebel Sichtweite',-0.7174726034098445,0.7558662977025871,0.9784073494760679,0.9981212181193325,3.0
'Nebel Verletzte',-0.7159947367723822,1.012569467331257,-0.31612186979670764,0.4470638356292456,2.0
'Nebel Vorhersage',0.5420078490774553,0.935495245907896,0.15606586542809794,1.129180316780888,14.0
'Nebel Wetter',-0.07831457417951063,0.8574215560204094,-0.1432657831478277,0.9098990587469266,29.0
'Nebel schlechte Sicht',0.25376983078739246,1.0,0.6239828391887255,1.0,1.0
