keyword,sentiment_mean,sentiment_std,subjectivity_mean,subjectivity_std,counting
'Nebel Schaden',-0.3879235980027353,1.225733898298052,-0.6079864630950139,1.0,5.0
'Nebel Sichtweite',-0.22480994739409949,0.994902430580922,0.5489145759434959,1.059422296456066,5.0
'Nebel Verletzte',-0.3666666721293531,1.51854498059554,-0.6575466221407806,0.07008864907589096,2.0
'Nebel Vorhersage',0.41155642232111694,0.8896805633555547,0.22193227148311892,1.183798125463215,14.0
'Nebel Wetter',-0.026255942941104688,0.9022127420132422,-0.11036119279329547,0.8662920321274852,37.0
'Nebel schlechte Sicht',0.07751438090144873,1.0,0.7102547819034245,1.0,1.0
