topic,sentiment_mean,sentiment_std,subjectivity_mean,subjectivity_std,counting
Impact,-0.7642538286637741,0.6497157310496722,-0.3250524595738372,0.37533825007140975,4.0
Mitigation,0.219728664968645,0.7833125301993378,0.1625262297869186,0.9959495817165782,11.0
