topic,sentiment_mean,sentiment_std,subjectivity_mean,subjectivity_std,counting
Adaptation,-0.3846706257856295,1.3152201106944745,-0.5043779745775682,0.10124745995853762,4.0
Causes,0.09999999999999999,0.1414213562373095,0.0,0.0,2.0
Hazard,-0.026680277651892854,0.95157574561763,-0.02401758969897705,0.9467272578116697,106.0
Impacts,-0.2488141678930205,0.9487659612238012,-0.05972247541446726,0.9662205351737383,28.0
Mitigation,0.5608070591779273,0.8062317782937173,0.30851971685649454,1.1927599925783712,22.0
